<?xml version="1.0" encoding="UTF-8"?>
<usergroups version="1700" exported="1166106966">
	<usergroup>
		<gid><![CDATA[1]]></gid>
		<type><![CDATA[1]]></type>
		<title><![CDATA[مهمان‌ها]]></title>
		<description><![CDATA[گروه کاربری‌ای که تمام کاربران تا زمانی وارد انجمن نشوند، به آن تعلق دارند.]]></description>
		<namestyle><![CDATA[{username}]]></namestyle>
		<usertitle><![CDATA[مهمان]]></usertitle>
		<stars><![CDATA[0]]></stars>
		<starimage><![CDATA[]]></starimage>
		<image><![CDATA[]]></image>
		<disporder><![CDATA[0]]></disporder>
		<isbannedgroup><![CDATA[0]]></isbannedgroup>
		<canview><![CDATA[1]]></canview>
		<canviewthreads><![CDATA[1]]></canviewthreads>
		<canviewprofiles><![CDATA[1]]></canviewprofiles>
		<candlattachments><![CDATA[0]]></candlattachments>
		<canpostthreads><![CDATA[0]]></canpostthreads>
		<canpostreplys><![CDATA[0]]></canpostreplys>
		<canpostattachments><![CDATA[0]]></canpostattachments>
		<canratethreads><![CDATA[0]]></canratethreads>
		<modposts><![CDATA[0]]></modposts>
		<modthreads><![CDATA[0]]></modthreads>
		<mod_edit_posts><![CDATA[0]]></mod_edit_posts>
		<modattachments><![CDATA[0]]></modattachments>
		<caneditposts><![CDATA[0]]></caneditposts>
		<candeleteposts><![CDATA[0]]></candeleteposts>
		<candeletethreads><![CDATA[0]]></candeletethreads>
		<caneditattachments><![CDATA[0]]></caneditattachments>
		<canpostpolls><![CDATA[0]]></canpostpolls>
		<canvotepolls><![CDATA[0]]></canvotepolls>
		<canundovotes><![CDATA[0]]></canundovotes>
		<canusepms><![CDATA[0]]></canusepms>
		<cansendpms><![CDATA[0]]></cansendpms>
		<cantrackpms><![CDATA[0]]></cantrackpms>
		<candenypmreceipts><![CDATA[0]]></candenypmreceipts>
		<pmquota><![CDATA[0]]></pmquota>
		<maxpmrecipients><![CDATA[5]]></maxpmrecipients>
		<cansendemail><![CDATA[0]]></cansendemail>
		<cansendemailoverride><![CDATA[0]]></cansendemailoverride>
		<maxemails><![CDATA[5]]></maxemails>
		<emailfloodtime><![CDATA[5]]></emailfloodtime>
		<canviewmemberlist><![CDATA[1]]></canviewmemberlist>
		<canviewcalendar><![CDATA[1]]></canviewcalendar>
		<canaddevents><![CDATA[0]]></canaddevents>
		<canbypasseventmod><![CDATA[0]]></canbypasseventmod>
		<canmoderateevents><![CDATA[0]]></canmoderateevents>
		<canviewonline><![CDATA[1]]></canviewonline>
		<canviewwolinvis><![CDATA[0]]></canviewwolinvis>
		<canviewonlineips><![CDATA[0]]></canviewonlineips>
		<cancp><![CDATA[0]]></cancp>
		<issupermod><![CDATA[0]]></issupermod>
		<cansearch><![CDATA[1]]></cansearch>
		<canusercp><![CDATA[0]]></canusercp>
		<canuploadavatars><![CDATA[0]]></canuploadavatars>
		<canratemembers><![CDATA[0]]></canratemembers>
		<canchangename><![CDATA[0]]></canchangename>
		<canbereported><![CDATA[0]]></canbereported>
		<canchangewebsite><![CDATA[0]]></canchangewebsite>
		<showforumteam><![CDATA[0]]></showforumteam>
		<usereputationsystem><![CDATA[0]]></usereputationsystem>
		<cangivereputations><![CDATA[0]]></cangivereputations>
		<candeletereputations><![CDATA[0]]></candeletereputations>
		<reputationpower><![CDATA[0]]></reputationpower>
		<maxreputationsday><![CDATA[0]]></maxreputationsday>
		<candisplaygroup><![CDATA[1]]></candisplaygroup>
		<attachquota><![CDATA[0]]></attachquota>
		<cancustomtitle><![CDATA[0]]></cancustomtitle>
		<canwarnusers><![CDATA[0]]></canwarnusers>
		<canreceivewarnings><![CDATA[0]]></canreceivewarnings>
		<canmodcp><![CDATA[0]]></canmodcp>
		<maxwarningsday><![CDATA[0]]></maxwarningsday>
		<showinbirthdaylist><![CDATA[0]]></showinbirthdaylist>
		<canoverridepm><![CDATA[0]]></canoverridepm>
		<canusesig><![CDATA[0]]></canusesig>
		<canusesigxposts><![CDATA[0]]></canusesigxposts>
		<signofollow><![CDATA[0]]></signofollow>
		<edittimelimit><![CDATA[0]]></edittimelimit>
		<maxposts><![CDATA[0]]></maxposts>
		<showmemberlist><![CDATA[0]]></showmemberlist>
		<canmanageannounce><![CDATA[0]]></canmanageannounce>
		<canmanagemodqueue><![CDATA[0]]></canmanagemodqueue>
		<canmanagereportedcontent><![CDATA[0]]></canmanagereportedcontent>
		<canviewmodlogs><![CDATA[0]]></canviewmodlogs>
		<caneditprofiles><![CDATA[0]]></caneditprofiles>
		<canbanusers><![CDATA[0]]></canbanusers>
		<canviewwarnlogs><![CDATA[0]]></canviewwarnlogs>
		<canuseipsearch><![CDATA[0]]></canuseipsearch>
	</usergroup>
	<usergroup>
		<gid><![CDATA[2]]></gid>
		<type><![CDATA[1]]></type>
		<title><![CDATA[اعضای انجمن]]></title>
		<description><![CDATA[پس از ثبت نام در انجمن، تمامی کاربران به صورت پیش‌فرض در این گروه قرار می‌گیرند.]]></description>
		<namestyle><![CDATA[{username}]]></namestyle>
		<usertitle><![CDATA[]]></usertitle>
		<stars><![CDATA[0]]></stars>
		<starimage><![CDATA[images/star.png]]></starimage>
		<image><![CDATA[]]></image>
		<disporder><![CDATA[0]]></disporder>
		<isbannedgroup><![CDATA[0]]></isbannedgroup>
		<canview><![CDATA[1]]></canview>
		<canviewthreads><![CDATA[1]]></canviewthreads>
		<canviewprofiles><![CDATA[1]]></canviewprofiles>
		<candlattachments><![CDATA[1]]></candlattachments>
		<canpostthreads><![CDATA[1]]></canpostthreads>
		<canpostreplys><![CDATA[1]]></canpostreplys>
		<canpostattachments><![CDATA[1]]></canpostattachments>
		<canratethreads><![CDATA[1]]></canratethreads>
		<modposts><![CDATA[0]]></modposts>
		<modthreads><![CDATA[0]]></modthreads>
		<mod_edit_posts><![CDATA[0]]></mod_edit_posts>
		<modattachments><![CDATA[0]]></modattachments>
		<caneditposts><![CDATA[1]]></caneditposts>
		<candeleteposts><![CDATA[1]]></candeleteposts>
		<candeletethreads><![CDATA[1]]></candeletethreads>
		<caneditattachments><![CDATA[1]]></caneditattachments>
		<canpostpolls><![CDATA[1]]></canpostpolls>
		<canvotepolls><![CDATA[1]]></canvotepolls>
		<canundovotes><![CDATA[0]]></canundovotes>
		<canusepms><![CDATA[1]]></canusepms>
		<cansendpms><![CDATA[1]]></cansendpms>
		<cantrackpms><![CDATA[1]]></cantrackpms>
		<candenypmreceipts><![CDATA[1]]></candenypmreceipts>
		<pmquota><![CDATA[200]]></pmquota>
		<maxpmrecipients><![CDATA[5]]></maxpmrecipients>
		<cansendemail><![CDATA[1]]></cansendemail>
		<cansendemailoverride><![CDATA[0]]></cansendemailoverride>
		<maxemails><![CDATA[5]]></maxemails>
		<emailfloodtime><![CDATA[5]]></emailfloodtime>
		<canviewmemberlist><![CDATA[1]]></canviewmemberlist>
		<canviewcalendar><![CDATA[1]]></canviewcalendar>
		<canaddevents><![CDATA[1]]></canaddevents>
		<canbypasseventmod><![CDATA[0]]></canbypasseventmod>
		<canmoderateevents><![CDATA[0]]></canmoderateevents>
		<canviewonline><![CDATA[1]]></canviewonline>
		<canviewwolinvis><![CDATA[0]]></canviewwolinvis>
		<canviewonlineips><![CDATA[0]]></canviewonlineips>
		<cancp><![CDATA[0]]></cancp>
		<issupermod><![CDATA[0]]></issupermod>
		<cansearch><![CDATA[1]]></cansearch>
		<canusercp><![CDATA[1]]></canusercp>
		<canuploadavatars><![CDATA[1]]></canuploadavatars>
		<canratemembers><![CDATA[1]]></canratemembers>
		<canchangename><![CDATA[0]]></canchangename>
		<canbereported><![CDATA[1]]></canbereported>
		<canchangewebsite><![CDATA[1]]></canchangewebsite>
		<showforumteam><![CDATA[0]]></showforumteam>
		<usereputationsystem><![CDATA[1]]></usereputationsystem>
		<cangivereputations><![CDATA[1]]></cangivereputations>
		<candeletereputations><![CDATA[1]]></candeletereputations>
		<reputationpower><![CDATA[1]]></reputationpower>
		<maxreputationsday><![CDATA[5]]></maxreputationsday>
		<candisplaygroup><![CDATA[1]]></candisplaygroup>
		<attachquota><![CDATA[0]]></attachquota>
		<cancustomtitle><![CDATA[1]]></cancustomtitle>
		<canwarnusers><![CDATA[0]]></canwarnusers>
		<canreceivewarnings><![CDATA[1]]></canreceivewarnings>
		<maxwarningsday><![CDATA[0]]></maxwarningsday>
		<canmodcp><![CDATA[0]]></canmodcp>
		<showinbirthdaylist><![CDATA[1]]></showinbirthdaylist>
		<canoverridepm><![CDATA[0]]></canoverridepm>
		<canusesig><![CDATA[1]]></canusesig>
		<canusesigxposts><![CDATA[0]]></canusesigxposts>
		<signofollow><![CDATA[0]]></signofollow>
		<edittimelimit><![CDATA[0]]></edittimelimit>
		<maxposts><![CDATA[0]]></maxposts>
		<showmemberlist><![CDATA[1]]></showmemberlist>
		<canmanageannounce><![CDATA[0]]></canmanageannounce>
		<canmanagemodqueue><![CDATA[0]]></canmanagemodqueue>
		<canmanagereportedcontent><![CDATA[0]]></canmanagereportedcontent>
		<canviewmodlogs><![CDATA[0]]></canviewmodlogs>
		<caneditprofiles><![CDATA[0]]></caneditprofiles>
		<canbanusers><![CDATA[0]]></canbanusers>
		<canviewwarnlogs><![CDATA[0]]></canviewwarnlogs>
		<canuseipsearch><![CDATA[0]]></canuseipsearch>
	</usergroup>
	<usergroup>
		<gid><![CDATA[3]]></gid>
		<type><![CDATA[1]]></type>
		<title><![CDATA[مدیران ارشد]]></title>
		<description><![CDATA[این کاربران می‌توانند تمامی انجمن‌ها را مدیریت کنند.]]></description>
		<namestyle><![CDATA[<span style="color: #CC00CC;"><strong>{username}</strong></span>]]></namestyle>
		<usertitle><![CDATA[مدیر ارشد]]></usertitle>
		<stars><![CDATA[6]]></stars>
		<starimage><![CDATA[images/star.png]]></starimage>
		<image><![CDATA[]]></image>
		<disporder><![CDATA[0]]></disporder>
		<isbannedgroup><![CDATA[0]]></isbannedgroup>
		<canview><![CDATA[1]]></canview>
		<canviewthreads><![CDATA[1]]></canviewthreads>
		<canviewprofiles><![CDATA[1]]></canviewprofiles>
		<candlattachments><![CDATA[1]]></candlattachments>
		<canpostthreads><![CDATA[1]]></canpostthreads>
		<canpostreplys><![CDATA[1]]></canpostreplys>
		<canpostattachments><![CDATA[1]]></canpostattachments>
		<canratethreads><![CDATA[1]]></canratethreads>
		<modposts><![CDATA[0]]></modposts>
		<modthreads><![CDATA[0]]></modthreads>
		<mod_edit_posts><![CDATA[0]]></mod_edit_posts>
		<modattachments><![CDATA[0]]></modattachments>
		<caneditposts><![CDATA[1]]></caneditposts>
		<candeleteposts><![CDATA[1]]></candeleteposts>
		<candeletethreads><![CDATA[1]]></candeletethreads>
		<caneditattachments><![CDATA[1]]></caneditattachments>
		<canpostpolls><![CDATA[1]]></canpostpolls>
		<canvotepolls><![CDATA[1]]></canvotepolls>
		<canundovotes><![CDATA[1]]></canundovotes>
		<canusepms><![CDATA[1]]></canusepms>
		<cansendpms><![CDATA[1]]></cansendpms>
		<cantrackpms><![CDATA[1]]></cantrackpms>
		<candenypmreceipts><![CDATA[1]]></candenypmreceipts>
		<pmquota><![CDATA[250]]></pmquota>
		<maxpmrecipients><![CDATA[5]]></maxpmrecipients>
		<cansendemail><![CDATA[1]]></cansendemail>
		<cansendemailoverride><![CDATA[0]]></cansendemailoverride>
		<maxemails><![CDATA[10]]></maxemails>
		<emailfloodtime><![CDATA[5]]></emailfloodtime>
		<canviewmemberlist><![CDATA[1]]></canviewmemberlist>
		<canviewcalendar><![CDATA[1]]></canviewcalendar>
		<canaddevents><![CDATA[1]]></canaddevents>
		<canbypasseventmod><![CDATA[1]]></canbypasseventmod>
		<canmoderateevents><![CDATA[1]]></canmoderateevents>
		<canviewonline><![CDATA[1]]></canviewonline>
		<canviewwolinvis><![CDATA[1]]></canviewwolinvis>
		<canviewonlineips><![CDATA[1]]></canviewonlineips>
		<cancp><![CDATA[0]]></cancp>
		<issupermod><![CDATA[1]]></issupermod>
		<cansearch><![CDATA[1]]></cansearch>
		<canusercp><![CDATA[1]]></canusercp>
		<canuploadavatars><![CDATA[1]]></canuploadavatars>
		<canratemembers><![CDATA[1]]></canratemembers>
		<canchangename><![CDATA[1]]></canchangename>
		<canbereported><![CDATA[0]]></canbereported>
		<canchangewebsite><![CDATA[1]]></canchangewebsite>
		<showforumteam><![CDATA[1]]></showforumteam>
		<usereputationsystem><![CDATA[1]]></usereputationsystem>
		<cangivereputations><![CDATA[1]]></cangivereputations>
		<candeletereputations><![CDATA[1]]></candeletereputations>
		<reputationpower><![CDATA[1]]></reputationpower>
		<maxreputationsday><![CDATA[10]]></maxreputationsday>
		<candisplaygroup><![CDATA[1]]></candisplaygroup>
		<attachquota><![CDATA[0]]></attachquota>
		<cancustomtitle><![CDATA[1]]></cancustomtitle>
		<canwarnusers><![CDATA[1]]></canwarnusers>
		<canreceivewarnings><![CDATA[1]]></canreceivewarnings>
		<maxwarningsday><![CDATA[3]]></maxwarningsday>
		<canmodcp><![CDATA[1]]></canmodcp>
		<showinbirthdaylist><![CDATA[1]]></showinbirthdaylist>
		<canoverridepm><![CDATA[0]]></canoverridepm>
		<canusesig><![CDATA[1]]></canusesig>
		<canusesigxposts><![CDATA[0]]></canusesigxposts>
		<signofollow><![CDATA[0]]></signofollow>
		<edittimelimit><![CDATA[0]]></edittimelimit>
		<maxposts><![CDATA[0]]></maxposts>
		<showmemberlist><![CDATA[1]]></showmemberlist>
		<canmanageannounce><![CDATA[1]]></canmanageannounce>
		<canmanagemodqueue><![CDATA[1]]></canmanagemodqueue>
		<canmanagereportedcontent><![CDATA[1]]></canmanagereportedcontent>
		<canviewmodlogs><![CDATA[1]]></canviewmodlogs>
		<caneditprofiles><![CDATA[1]]></caneditprofiles>
		<canbanusers><![CDATA[1]]></canbanusers>
		<canviewwarnlogs><![CDATA[1]]></canviewwarnlogs>
		<canuseipsearch><![CDATA[1]]></canuseipsearch>
	</usergroup>
	<usergroup>
		<gid><![CDATA[4]]></gid>
		<type><![CDATA[1]]></type>
		<title><![CDATA[مدیران کل]]></title>
		<description><![CDATA[گروهی که تمامی مدیران‌کل به آن تعلق دارند.]]></description>
		<namestyle><![CDATA[<span style="color: green;"><strong><em>{username}</em></strong></span>]]></namestyle>
		<usertitle><![CDATA[مدیرکل]]></usertitle>
		<stars><![CDATA[7]]></stars>
		<starimage><![CDATA[images/star.png]]></starimage>
		<image><![CDATA[]]></image>
		<disporder><![CDATA[0]]></disporder>
		<isbannedgroup><![CDATA[0]]></isbannedgroup>
		<canview><![CDATA[1]]></canview>
		<canviewthreads><![CDATA[1]]></canviewthreads>
		<canviewprofiles><![CDATA[1]]></canviewprofiles>
		<candlattachments><![CDATA[1]]></candlattachments>
		<canviewboardclosed><![CDATA[1]]></canviewboardclosed>
		<canpostthreads><![CDATA[1]]></canpostthreads>
		<canpostreplys><![CDATA[1]]></canpostreplys>
		<canpostattachments><![CDATA[1]]></canpostattachments>
		<canratethreads><![CDATA[1]]></canratethreads>
		<modposts><![CDATA[0]]></modposts>
		<modthreads><![CDATA[0]]></modthreads>
		<mod_edit_posts><![CDATA[0]]></mod_edit_posts>
		<modattachments><![CDATA[0]]></modattachments>
		<caneditposts><![CDATA[1]]></caneditposts>
		<candeleteposts><![CDATA[1]]></candeleteposts>
		<candeletethreads><![CDATA[1]]></candeletethreads>
		<caneditattachments><![CDATA[1]]></caneditattachments>
		<canpostpolls><![CDATA[1]]></canpostpolls>
		<canvotepolls><![CDATA[1]]></canvotepolls>
		<canundovotes><![CDATA[1]]></canundovotes>
		<canusepms><![CDATA[1]]></canusepms>
		<cansendpms><![CDATA[1]]></cansendpms>
		<cantrackpms><![CDATA[1]]></cantrackpms>
		<candenypmreceipts><![CDATA[1]]></candenypmreceipts>
		<pmquota><![CDATA[0]]></pmquota>
		<maxpmrecipients><![CDATA[0]]></maxpmrecipients>
		<cansendemail><![CDATA[1]]></cansendemail>
		<cansendemailoverride><![CDATA[0]]></cansendemailoverride>
		<maxemails><![CDATA[0]]></maxemails>
		<emailfloodtime><![CDATA[0]]></emailfloodtime>
		<canviewmemberlist><![CDATA[1]]></canviewmemberlist>
		<canviewcalendar><![CDATA[1]]></canviewcalendar>
		<canaddevents><![CDATA[1]]></canaddevents>
		<canbypasseventmod><![CDATA[1]]></canbypasseventmod>
		<canmoderateevents><![CDATA[1]]></canmoderateevents>
		<canviewonline><![CDATA[1]]></canviewonline>
		<canviewwolinvis><![CDATA[1]]></canviewwolinvis>
		<canviewonlineips><![CDATA[1]]></canviewonlineips>
		<cancp><![CDATA[1]]></cancp>
		<issupermod><![CDATA[1]]></issupermod>
		<cansearch><![CDATA[1]]></cansearch>
		<canusercp><![CDATA[1]]></canusercp>
		<canuploadavatars><![CDATA[1]]></canuploadavatars>
		<canratemembers><![CDATA[1]]></canratemembers>
		<canchangename><![CDATA[1]]></canchangename>
		<canbereported><![CDATA[0]]></canbereported>
		<canchangewebsite><![CDATA[1]]></canchangewebsite>
		<showforumteam><![CDATA[1]]></showforumteam>
		<usereputationsystem><![CDATA[1]]></usereputationsystem>
		<cangivereputations><![CDATA[1]]></cangivereputations>
		<candeletereputations><![CDATA[1]]></candeletereputations>
		<reputationpower><![CDATA[2]]></reputationpower>
		<maxreputationsday><![CDATA[0]]></maxreputationsday>
		<candisplaygroup><![CDATA[1]]></candisplaygroup>
		<attachquota><![CDATA[0]]></attachquota>
		<cancustomtitle><![CDATA[1]]></cancustomtitle>
		<canwarnusers><![CDATA[1]]></canwarnusers>
		<canreceivewarnings><![CDATA[1]]></canreceivewarnings>
		<maxwarningsday><![CDATA[0]]></maxwarningsday>
		<canmodcp><![CDATA[1]]></canmodcp>
		<showinbirthdaylist><![CDATA[1]]></showinbirthdaylist>
		<canoverridepm><![CDATA[0]]></canoverridepm>
		<canusesig><![CDATA[1]]></canusesig>
		<canusesigxposts><![CDATA[0]]></canusesigxposts>
		<signofollow><![CDATA[0]]></signofollow>
		<edittimelimit><![CDATA[0]]></edittimelimit>
		<maxposts><![CDATA[0]]></maxposts>
		<showmemberlist><![CDATA[1]]></showmemberlist>
		<canmanageannounce><![CDATA[1]]></canmanageannounce>
		<canmanagemodqueue><![CDATA[1]]></canmanagemodqueue>
		<canmanagereportedcontent><![CDATA[1]]></canmanagereportedcontent>
		<canviewmodlogs><![CDATA[1]]></canviewmodlogs>
		<caneditprofiles><![CDATA[1]]></caneditprofiles>
		<canbanusers><![CDATA[1]]></canbanusers>
		<canviewwarnlogs><![CDATA[1]]></canviewwarnlogs>
		<canuseipsearch><![CDATA[1]]></canuseipsearch>
	</usergroup>
	<usergroup>
		<gid><![CDATA[5]]></gid>
		<type><![CDATA[1]]></type>
		<title><![CDATA[کاران در انتظار فعال‌سازی]]></title>
		<description><![CDATA[کاربرانی که هنوز حساب کاربری خود را از طریق ایمیل فعال نکرده‌اند و یا مدیریت هنوز حساب کاربری آن‌ها را فعال نکرده است.]]></description>
		<namestyle><![CDATA[{username}]]></namestyle>
		<usertitle><![CDATA[حساب کاربری فعال نشده است]]></usertitle>
		<stars><![CDATA[0]]></stars>
		<starimage><![CDATA[images/star.png]]></starimage>
		<image><![CDATA[]]></image>
		<disporder><![CDATA[0]]></disporder>
		<isbannedgroup><![CDATA[0]]></isbannedgroup>
		<canview><![CDATA[1]]></canview>
		<canviewthreads><![CDATA[1]]></canviewthreads>
		<canviewprofiles><![CDATA[1]]></canviewprofiles>
		<candlattachments><![CDATA[0]]></candlattachments>
		<canpostthreads><![CDATA[0]]></canpostthreads>
		<canpostreplys><![CDATA[0]]></canpostreplys>
		<canpostattachments><![CDATA[0]]></canpostattachments>
		<canratethreads><![CDATA[0]]></canratethreads>
		<modposts><![CDATA[0]]></modposts>
		<modthreads><![CDATA[0]]></modthreads>
		<mod_edit_posts><![CDATA[0]]></mod_edit_posts>
		<modattachments><![CDATA[0]]></modattachments>
		<caneditposts><![CDATA[0]]></caneditposts>
		<candeleteposts><![CDATA[0]]></candeleteposts>
		<candeletethreads><![CDATA[0]]></candeletethreads>
		<caneditattachments><![CDATA[0]]></caneditattachments>
		<canpostpolls><![CDATA[0]]></canpostpolls>
		<canvotepolls><![CDATA[0]]></canvotepolls>
		<canundovotes><![CDATA[0]]></canundovotes>
		<canusepms><![CDATA[0]]></canusepms>
		<cansendpms><![CDATA[0]]></cansendpms>
		<cantrackpms><![CDATA[0]]></cantrackpms>
		<candenypmreceipts><![CDATA[0]]></candenypmreceipts>
		<pmquota><![CDATA[20]]></pmquota>
		<maxpmrecipients><![CDATA[5]]></maxpmrecipients>
		<cansendemail><![CDATA[0]]></cansendemail>
		<cansendemailoverride><![CDATA[0]]></cansendemailoverride>
		<maxemails><![CDATA[5]]></maxemails>
		<emailfloodtime><![CDATA[5]]></emailfloodtime>
		<canviewmemberlist><![CDATA[1]]></canviewmemberlist>
		<canviewcalendar><![CDATA[1]]></canviewcalendar>
		<canaddevents><![CDATA[0]]></canaddevents>
		<canbypasseventmod><![CDATA[0]]></canbypasseventmod>
		<canmoderateevents><![CDATA[0]]></canmoderateevents>
		<canviewonline><![CDATA[1]]></canviewonline>
		<canviewwolinvis><![CDATA[0]]></canviewwolinvis>
		<canviewonlineips><![CDATA[0]]></canviewonlineips>
		<cancp><![CDATA[0]]></cancp>
		<issupermod><![CDATA[0]]></issupermod>
		<cansearch><![CDATA[1]]></cansearch>
		<canusercp><![CDATA[1]]></canusercp>
		<canuploadavatars><![CDATA[0]]></canuploadavatars>
		<canratemembers><![CDATA[0]]></canratemembers>
		<canchangename><![CDATA[0]]></canchangename>
		<canbereported><![CDATA[1]]></canbereported>
		<canchangewebsite><![CDATA[0]]></canchangewebsite>
		<showforumteam><![CDATA[0]]></showforumteam>
		<usereputationsystem><![CDATA[0]]></usereputationsystem>
		<cangivereputations><![CDATA[0]]></cangivereputations>
		<candeletereputations><![CDATA[0]]></candeletereputations>
		<reputationpower><![CDATA[0]]></reputationpower>
		<maxreputationsday><![CDATA[0]]></maxreputationsday>
		<candisplaygroup><![CDATA[1]]></candisplaygroup>
		<attachquota><![CDATA[0]]></attachquota>
		<cancustomtitle><![CDATA[0]]></cancustomtitle>
		<canwarnusers><![CDATA[0]]></canwarnusers>
		<canreceivewarnings><![CDATA[0]]></canreceivewarnings>
		<maxwarningsday><![CDATA[0]]></maxwarningsday>
		<canmodcp><![CDATA[0]]></canmodcp>
		<showinbirthdaylist><![CDATA[1]]></showinbirthdaylist>
		<canoverridepm><![CDATA[0]]></canoverridepm>
		<canusesig><![CDATA[0]]></canusesig>
		<canusesigxposts><![CDATA[0]]></canusesigxposts>
		<signofollow><![CDATA[0]]></signofollow>
		<edittimelimit><![CDATA[0]]></edittimelimit>
		<maxposts><![CDATA[0]]></maxposts>
		<showmemberlist><![CDATA[1]]></showmemberlist>
		<canmanageannounce><![CDATA[0]]></canmanageannounce>
		<canmanagemodqueue><![CDATA[0]]></canmanagemodqueue>
		<canmanagereportedcontent><![CDATA[0]]></canmanagereportedcontent>
		<canviewmodlogs><![CDATA[0]]></canviewmodlogs>
		<caneditprofiles><![CDATA[0]]></caneditprofiles>
		<canbanusers><![CDATA[0]]></canbanusers>
		<canviewwarnlogs><![CDATA[0]]></canviewwarnlogs>
		<canuseipsearch><![CDATA[0]]></canuseipsearch>
	</usergroup>
	<usergroup>
		<gid><![CDATA[6]]></gid>
		<type><![CDATA[1]]></type>
		<title><![CDATA[ناظم‌ها]]></title>
		<description><![CDATA[این کاربران انجمن‌های خاصی را مدیریت می‌کنند.]]></description>
		<namestyle><![CDATA[<span style="color: #CC00CC;"><strong>{username}</strong></span>]]></namestyle>
		<usertitle><![CDATA[ناظم]]></usertitle>
		<stars><![CDATA[5]]></stars>
		<starimage><![CDATA[images/star.png]]></starimage>
		<image><![CDATA[]]></image>
		<disporder><![CDATA[0]]></disporder>
		<isbannedgroup><![CDATA[0]]></isbannedgroup>
		<canview><![CDATA[1]]></canview>
		<canviewthreads><![CDATA[1]]></canviewthreads>
		<canviewprofiles><![CDATA[1]]></canviewprofiles>
		<candlattachments><![CDATA[1]]></candlattachments>
		<canpostthreads><![CDATA[1]]></canpostthreads>
		<canpostreplys><![CDATA[1]]></canpostreplys>
		<canpostattachments><![CDATA[1]]></canpostattachments>
		<canratethreads><![CDATA[1]]></canratethreads>
		<modposts><![CDATA[0]]></modposts>
		<modthreads><![CDATA[0]]></modthreads>
		<mod_edit_posts><![CDATA[0]]></mod_edit_posts>
		<modattachments><![CDATA[0]]></modattachments>
		<caneditposts><![CDATA[1]]></caneditposts>
		<candeleteposts><![CDATA[1]]></candeleteposts>
		<candeletethreads><![CDATA[1]]></candeletethreads>
		<caneditattachments><![CDATA[1]]></caneditattachments>
		<canpostpolls><![CDATA[1]]></canpostpolls>
		<canvotepolls><![CDATA[1]]></canvotepolls>
		<canundovotes><![CDATA[0]]></canundovotes>
		<canusepms><![CDATA[1]]></canusepms>
		<cansendpms><![CDATA[1]]></cansendpms>
		<cantrackpms><![CDATA[1]]></cantrackpms>
		<candenypmreceipts><![CDATA[1]]></candenypmreceipts>
		<pmquota><![CDATA[250]]></pmquota>
		<maxpmrecipients><![CDATA[5]]></maxpmrecipients>
		<cansendemail><![CDATA[1]]></cansendemail>
		<cansendemailoverride><![CDATA[0]]></cansendemailoverride>
		<maxemails><![CDATA[5]]></maxemails>
		<emailfloodtime><![CDATA[5]]></emailfloodtime>
		<canviewmemberlist><![CDATA[1]]></canviewmemberlist>
		<canviewcalendar><![CDATA[1]]></canviewcalendar>
		<canaddevents><![CDATA[0]]></canaddevents>
		<canbypasseventmod><![CDATA[0]]></canbypasseventmod>
		<canmoderateevents><![CDATA[0]]></canmoderateevents>
		<canviewonline><![CDATA[1]]></canviewonline>
		<canviewwolinvis><![CDATA[0]]></canviewwolinvis>
		<canviewonlineips><![CDATA[0]]></canviewonlineips>
		<cancp><![CDATA[0]]></cancp>
		<issupermod><![CDATA[0]]></issupermod>
		<cansearch><![CDATA[1]]></cansearch>
		<canusercp><![CDATA[1]]></canusercp>
		<canuploadavatars><![CDATA[1]]></canuploadavatars>
		<canratemembers><![CDATA[1]]></canratemembers>
		<canchangename><![CDATA[1]]></canchangename>
		<canbereported><![CDATA[0]]></canbereported>
		<canchangewebsite><![CDATA[1]]></canchangewebsite>
		<showforumteam><![CDATA[1]]></showforumteam>
		<usereputationsystem><![CDATA[1]]></usereputationsystem>
		<cangivereputations><![CDATA[1]]></cangivereputations>
		<candeletereputations><![CDATA[1]]></candeletereputations>
		<reputationpower><![CDATA[1]]></reputationpower>
		<maxreputationsday><![CDATA[10]]></maxreputationsday>
		<candisplaygroup><![CDATA[1]]></candisplaygroup>
		<attachquota><![CDATA[0]]></attachquota>
		<cancustomtitle><![CDATA[1]]></cancustomtitle>
		<canwarnusers><![CDATA[1]]></canwarnusers>
		<canreceivewarnings><![CDATA[1]]></canreceivewarnings>
		<maxwarningsday><![CDATA[3]]></maxwarningsday>
		<canmodcp><![CDATA[1]]></canmodcp>
		<showinbirthdaylist><![CDATA[1]]></showinbirthdaylist>
		<canoverridepm><![CDATA[0]]></canoverridepm>
		<canusesig><![CDATA[1]]></canusesig>
		<canusesigxposts><![CDATA[0]]></canusesigxposts>
		<signofollow><![CDATA[0]]></signofollow>
		<edittimelimit><![CDATA[0]]></edittimelimit>
		<maxposts><![CDATA[0]]></maxposts>
		<showmemberlist><![CDATA[1]]></showmemberlist>
		<canmanageannounce><![CDATA[1]]></canmanageannounce>
		<canmanagemodqueue><![CDATA[1]]></canmanagemodqueue>
		<canmanagereportedcontent><![CDATA[1]]></canmanagereportedcontent>
		<canviewmodlogs><![CDATA[1]]></canviewmodlogs>
		<caneditprofiles><![CDATA[1]]></caneditprofiles>
		<canbanusers><![CDATA[1]]></canbanusers>
		<canviewwarnlogs><![CDATA[1]]></canviewwarnlogs>
		<canuseipsearch><![CDATA[1]]></canuseipsearch>
	</usergroup>
	<usergroup>
		<gid><![CDATA[7]]></gid>
		<type><![CDATA[1]]></type>
		<title><![CDATA[محروم‌ها]]></title>
		<description><![CDATA[گروه کاربری پیش‌فرضی که کاربران پس از محرومیت به آن منتقل می‌شوند.]]></description>
		<namestyle><![CDATA[<s>{username}</s>]]></namestyle>
		<usertitle><![CDATA[محروم]]></usertitle>
		<stars><![CDATA[0]]></stars>
		<starimage><![CDATA[images/star.png]]></starimage>
		<image><![CDATA[]]></image>
		<disporder><![CDATA[0]]></disporder>
		<isbannedgroup><![CDATA[1]]></isbannedgroup>
		<canview><![CDATA[0]]></canview>
		<canviewthreads><![CDATA[0]]></canviewthreads>
		<canviewprofiles><![CDATA[0]]></canviewprofiles>
		<candlattachments><![CDATA[0]]></candlattachments>
		<canpostthreads><![CDATA[0]]></canpostthreads>
		<canpostreplys><![CDATA[0]]></canpostreplys>
		<canpostattachments><![CDATA[0]]></canpostattachments>
		<canratethreads><![CDATA[0]]></canratethreads>
		<modposts><![CDATA[0]]></modposts>
		<modthreads><![CDATA[0]]></modthreads>
		<mod_edit_posts><![CDATA[0]]></mod_edit_posts>
		<modattachments><![CDATA[0]]></modattachments>
		<caneditposts><![CDATA[0]]></caneditposts>
		<candeleteposts><![CDATA[0]]></candeleteposts>
		<candeletethreads><![CDATA[0]]></candeletethreads>
		<caneditattachments><![CDATA[0]]></caneditattachments>
		<canpostpolls><![CDATA[0]]></canpostpolls>
		<canvotepolls><![CDATA[0]]></canvotepolls>
		<canundovotes><![CDATA[0]]></canundovotes>
		<canusepms><![CDATA[1]]></canusepms>
		<cansendpms><![CDATA[0]]></cansendpms>
		<cantrackpms><![CDATA[0]]></cantrackpms>
		<candenypmreceipts><![CDATA[0]]></candenypmreceipts>
		<pmquota><![CDATA[0]]></pmquota>
		<maxpmrecipients><![CDATA[0]]></maxpmrecipients>
		<cansendemail><![CDATA[0]]></cansendemail>
		<cansendemailoverride><![CDATA[0]]></cansendemailoverride>
		<maxemails><![CDATA[5]]></maxemails>
		<emailfloodtime><![CDATA[5]]></emailfloodtime>
		<canviewmemberlist><![CDATA[0]]></canviewmemberlist>
		<canviewcalendar><![CDATA[0]]></canviewcalendar>
		<canaddevents><![CDATA[0]]></canaddevents>
		<canbypasseventmod><![CDATA[0]]></canbypasseventmod>
		<canmoderateevents><![CDATA[0]]></canmoderateevents>
		<canviewonline><![CDATA[0]]></canviewonline>
		<canviewwolinvis><![CDATA[0]]></canviewwolinvis>
		<canviewonlineips><![CDATA[0]]></canviewonlineips>
		<cancp><![CDATA[0]]></cancp>
		<issupermod><![CDATA[0]]></issupermod>
		<cansearch><![CDATA[0]]></cansearch>
		<canusercp><![CDATA[0]]></canusercp>
		<canuploadavatars><![CDATA[0]]></canuploadavatars>
		<canratemembers><![CDATA[0]]></canratemembers>
		<canchangename><![CDATA[0]]></canchangename>
		<canbereported><![CDATA[0]]></canbereported>
		<canchangewebsite><![CDATA[0]]></canchangewebsite>
		<showforumteam><![CDATA[0]]></showforumteam>
		<usereputationsystem><![CDATA[0]]></usereputationsystem>
		<cangivereputations><![CDATA[0]]></cangivereputations>
		<candeletereputations><![CDATA[0]]></candeletereputations>
		<reputationpower><![CDATA[0]]></reputationpower>
		<maxreputationsday><![CDATA[0]]></maxreputationsday>
		<candisplaygroup><![CDATA[1]]></candisplaygroup>
		<attachquota><![CDATA[0]]></attachquota>
		<cancustomtitle><![CDATA[0]]></cancustomtitle>
		<canwarnusers><![CDATA[0]]></canwarnusers>
		<canreceivewarnings><![CDATA[0]]></canreceivewarnings>
		<maxwarningsday><![CDATA[0]]></maxwarningsday>
		<canmodcp><![CDATA[0]]></canmodcp>
		<showinbirthdaylist><![CDATA[0]]></showinbirthdaylist>
		<canoverridepm><![CDATA[0]]></canoverridepm>
		<canusesig><![CDATA[0]]></canusesig>
		<canusesigxposts><![CDATA[0]]></canusesigxposts>
		<signofollow><![CDATA[0]]></signofollow>
		<edittimelimit><![CDATA[0]]></edittimelimit>
		<maxposts><![CDATA[0]]></maxposts>
		<showmemberlist><![CDATA[1]]></showmemberlist>
		<canmanageannounce><![CDATA[0]]></canmanageannounce>
		<canmanagemodqueue><![CDATA[0]]></canmanagemodqueue>
		<canmanagereportedcontent><![CDATA[0]]></canmanagereportedcontent>
		<canviewmodlogs><![CDATA[0]]></canviewmodlogs>
		<caneditprofiles><![CDATA[0]]></caneditprofiles>
		<canbanusers><![CDATA[0]]></canbanusers>
		<canviewwarnlogs><![CDATA[0]]></canviewwarnlogs>
		<canuseipsearch><![CDATA[0]]></canuseipsearch>
	</usergroup>
</usergroups>